{"f1_score": 0.964537136359107, "roc_auc": 0.9534883720930233, "_timestamp": 1665433818.0414727, "_runtime": 1.4150567054748535, "_step": 0, "_wandb": {"runtime": 3}}